,GDPC1,PCEPILFE,FEDFUNDS,CPIAUCSL,CE16OV,PCECC96,GPDI
1960-03-31,0.004986388816909937,,0.740843440463371,,-0.003118285979907043,0.007815561258128767,0.009908062562208997
1960-06-30,0.002776317817271945,-43.99441037221137,0.6113648834744367,3.0299021999717013,-0.002688320087825602,-0.004793509506612281,0.008669412973409507
1960-09-30,-0.016119763996400138,-116.0650661602053,0.7126020294456489,1.6747497540354317,0.000661153981132756,0.015338070131971193,-0.017378505063064154
1960-12-31,0.001892467376574558,-40.07390647713369,0.754821027692075,2.704652949813724,0.004939832218838092,-0.006615605384551415,0.04527099283011626
1961-03-31,0.009056631147783989,178.67367816278855,0.9080062210038854,2.1560326695215792,0.00038453258247983513,0.019782439296156085,-0.012641951682466512
1961-06-30,-0.005508912109913666,293.012196121629,0.902879470593885,2.429061338344951,0.0029590692374146244,-0.027925511190183272,0.02839380791926871
1961-09-30,-0.01710511361864242,-195.4164451766614,0.7307180965516207,3.4800403815355985,0.003709820457586943,-0.002843199394124696,-0.06694092144128572
1961-12-31,0.009401620696310786,259.057461948439,1.0332278750281123,0.760829241989569,-0.0032085382367181836,-0.008815648387175301,-0.031020692905490144
1962-03-31,0.010237751959556007,185.51614938481276,0.9655566520166514,2.8286883933485107,-0.004028323185979232,0.004660684930588133,-0.004459418661414638
1962-06-30,-0.0010136575048971252,-212.95969094143382,0.7673530853494166,2.0483455476194123,-0.001026397767887488,0.009223622587711588,-0.016293600895596505
1962-09-30,-0.0070414563075349434,229.50525555203524,1.0293959050954884,1.9822868522231474,0.005062337622961266,-0.012255450252617095,0.025562818353705552
1962-12-31,0.0036170624010427588,-120.860635103374,0.9082790152340874,4.306325913272424,0.0014137284205109069,-0.0070388920448980485,-0.002796607634230952
1963-03-31,0.005203970881680675,4.7151700409387765,1.0408025383859336,3.953141422146089,-0.010756753697810595,-0.0021510479280468786,-0.02481481454907719
1963-06-30,-0.0016592644965314207,120.90015260217567,1.1871685091057222,2.0284583401402934,0.003752275487117984,-0.0075223127044363736,0.031052394305171482
1963-09-30,0.0025439335697381438,-153.3252611678259,1.1983641695337934,1.191050826171569,0.0011161550200284864,0.014811401023758108,0.004866396301006937
1963-12-31,-0.00028899386356862067,240.6793085248464,1.115862311260213,2.841639837045218,0.00013734817890309614,-0.005425325253643365,0.03353981046588039
1964-03-31,-0.0017635800577764371,-6.419660385360304,0.9240424056842689,1.7184093295145253,0.002344230741018194,-0.004618458408531367,0.008039835041430798
1964-06-30,-0.002179125126589909,118.34441368208246,1.1857795702521277,2.1040106602650432,-0.006058374800087307,0.0016180312648348405,0.006311743845966333
1964-09-30,0.00806832332751739,-185.68489965390725,1.2609198951987062,1.1746986723008668,0.007005574214030474,0.005047660167470269,-0.027762851502192376
1964-12-31,-0.017688718790694224,73.83979229498179,1.200922023794868,2.238012369686526,-0.0001252779006613025,0.007509050864085154,-0.013294584487323569
1965-03-31,0.008578555856082914,-161.76741578659747,1.1984114791185636,2.903654491317109,-0.002446469405391838,0.006155766293924003,0.009815909058208838
1965-06-30,0.01060660091503074,152.515273023094,1.2439919559507515,2.164194016057319,0.0025541600975067524,0.0018715797825077374,0.022663871917668388
1965-09-30,-0.004771771868666619,182.3288516005489,1.2281664969461792,1.3230284674993875,-0.0031753207612297274,0.01358883846944181,0.005889253172816744
1965-12-31,0.008233030273752107,-210.14449433949878,1.1997736257349678,2.502973511450435,-0.005881143487560081,-0.006779591230701598,0.014588521700644286
1966-03-31,0.0028088392202398893,186.15333397906878,1.3087335621729679,-0.017859196953251555,0.004382954216948676,-0.009823702728061434,-0.044339059755960974
1966-06-30,0.005429061595815909,360.0640821266066,1.1449334892843988,2.9118686914846315,0.0016794698557625054,-0.001642356618848595,-0.0021878405572790527
1966-09-30,0.008683956469502263,-154.2982500060762,0.9523060570383238,2.634924744874212,0.0022556271093314706,-0.0007528093571433914,-0.006448949736015841
1966-12-31,-0.00839136625871717,6.94866355465944,1.1837271488596497,2.9152186344743036,-0.0032374339274987562,-0.001057433280825748,0.010201926531117067
1967-03-31,-0.009008822634044122,-10.151496594517484,1.3840048224910066,0.9734974358519111,0.008421871428522465,0.01784408677891136,0.008694156549276855
1967-06-30,0.0028072296868124624,215.76470366603021,1.0962648203146241,1.1099577102901215,-0.0029001560021910677,-0.014009584516131213,0.010566102814543399
1967-09-30,-0.01594799878549935,-155.6529792744727,1.1559952564970053,1.5204211631283826,0.004493676073284547,0.018454081308043158,-0.005036472899822897
1967-12-31,0.00043134789385135264,103.20671032234871,1.4117967126223538,1.594298318514653,-0.0014177301101057083,-0.016745099367724947,0.008669070273549906
1968-03-31,0.012574387902880346,-282.9850035565724,1.289102025798326,0.31247726707102075,-0.0038150479859808684,-0.008102079370750914,0.007059564284047859
1968-06-30,-0.023869461370736644,610.4099051290627,1.3618456745458953,2.837564255329905,-0.005087767366068974,0.0011671363101761756,-0.04871659464596689
1968-09-30,0.000960680548727666,-118.98111565191685,1.4544978845939927,2.722982179280997,6.3200797875140324e-06,-0.0010121561693168246,0.03439868326387252
1968-12-31,0.0040315383409819106,228.040715624524,1.184038507747496,2.3586700213673595,0.002301575488475649,-0.0026597747231740243,0.024940154660535008
1969-03-31,0.012885378394864588,-92.5659745487904,1.1626954324112768,2.638430919220891,-0.006841794619543151,-0.01414308101427686,-0.03570179453945599
1969-06-30,-0.012751050075372916,194.91879442917642,1.0783700958692526,0.9965148568080728,0.0045692513086557085,-0.006134366050860152,-0.01579761171096017
1969-09-30,0.003123914878257139,-82.27490602093566,1.1765664819001194,1.748448107479117,0.004793265966300808,0.009932980773806221,0.014790584189372957
1969-12-31,0.005021973820323211,-12.396842704938171,1.0557823655645973,0.8680878545574089,-0.005706197836275351,0.015496401378223723,-0.011380139887706697
1970-03-31,-0.005875675895067545,-121.07057790742397,1.0222773542049586,2.0743556992079526,0.007919117770532225,0.01445797718672992,0.026866060746626452
1970-06-30,0.0009928014228428594,99.53654278879007,1.0031918079042408,2.286965865048085,-0.00862673322018459,-0.006469626722521937,-0.02736828439057515
1970-09-30,0.004408797129601183,-155.50442748047652,1.1049205527623163,2.833737533912739,-0.001961398252362301,0.005441129788414045,-0.0026393160928552817
1970-12-31,-0.0019497362050024947,300.77385698383637,1.195569540778358,2.290784804477841,0.004525515509685718,-0.011798568640021045,0.0016661479818242952
1971-03-31,0.010723308973631163,-84.12389683150674,1.0735741721577234,2.335604633752819,0.004485256278043082,0.014878143820668654,0.011595412310617448
1971-06-30,-0.00565195463989987,-37.251550322085734,1.072296425224473,0.9030709017835648,0.0035569290470860437,0.004946173259932962,-0.021238032617480584
1971-09-30,-0.0027320653979767684,11.422060403417156,0.9072340502841645,2.4605554276694086,-0.0036028472467819483,0.00542050788675752,0.03870910281259654
1971-12-31,-0.003662170497454653,33.33454194032921,1.0060678908684444,1.6632960895317517,0.0020897614123605024,-0.0046544576784093294,-0.0036693438531791855
1972-03-31,-0.011943611849480007,92.27406943019022,0.9152000994932503,2.6199463155927027,-0.00293432359865875,-0.0002465485988221161,-0.008074163335455964
1972-06-30,-0.0012537127854646002,-208.2427952705859,1.0307424637022082,2.2625947636086607,-0.00862036768513974,0.003051231861054049,0.030313621323132978
1972-09-30,0.004532947580980107,380.6068943835535,0.8511770397694399,2.2929737987808174,-0.009536794129591186,-0.02132881891168026,0.002259814092884227
1972-12-31,0.010141905081422209,-110.28354899885358,0.9547611773147704,1.9388798272579777,0.006714566264781396,-0.0017408082826673166,-0.04364444230856179
1973-03-31,-0.0010337158599558194,234.4753889127623,0.9440042289028336,0.5801766352635518,-0.0020451348475152287,-0.012484903555112226,0.0184282928007784
1973-06-30,0.004138246191216055,-28.917269506164224,0.7438672298733813,2.2392966717774243,0.0007325597186280675,0.008602135675022993,-0.03262263856791403
1973-09-30,0.009805896508959577,-81.58208316199035,1.0874507657364254,3.4892758721074557,0.004180422770195591,-0.005607195921552233,-0.011327308144137405
1973-12-31,0.0034437202285246826,60.553342687033584,0.7126981905811107,2.340101769826042,-0.0030071354827931884,0.005440443217642255,0.012911094408463164
1974-03-31,-0.006761509253351505,188.5913012153085,0.8590114072989975,1.5730172520352248,0.00555285673450534,-0.0012794932069155607,0.0008866264379081557
1974-06-30,0.010503015834062879,-224.55547342251893,0.6889593135485924,1.4674693348600165,-0.005801760284166235,-0.005119307192341438,0.03375789220573733
1974-09-30,-0.015038917826203146,211.15639431648782,0.6757352619532386,0.5118280436917644,0.004081342661143239,-0.012174252662294549,-0.026557290064499917
1974-12-31,-0.005691294406608094,9.920246123385823,0.8127320222970683,1.330793135920949,0.003278128555329829,0.005300186221194991,0.030487870543359996
1975-03-31,-0.0016108733881328163,-95.39420625237133,0.9785038690131708,1.9847258218208985,0.009061620896519074,-0.007397731285079701,-0.001996569193742026
1975-06-30,-0.0005046509557669054,334.9001806125102,0.7993156806030223,1.5229658269845459,-0.0016027887461351753,-0.0007659391890779688,-0.010739689104461547
1975-09-30,0.004071517247160372,-137.80181433901322,0.5759062163276196,1.149949930832861,0.008257628073383927,0.017285569032862824,-0.02109108587380426
1975-12-31,-0.003666156945492105,106.9353204017772,0.6248031406131701,0.6880777140028549,-0.0014456866295073922,-0.002507324382952092,0.029529910734444442
1976-03-31,0.0011953568373410661,-237.81114695119788,0.5884298725657264,2.7865287525266957,-0.009484403265897612,0.01216568054180911,-0.0626599119829736
1976-06-30,0.001639897052118755,325.38112566504617,0.6051441076329763,2.0430990693795614,0.000989672871359204,0.0018783529518557884,0.006091844486781461
1976-09-30,-0.004649843161633527,41.77137400459365,0.6774565965456816,2.554807853656449,0.007749833256397665,0.0032918416030476294,0.05050848103773209
1976-12-31,0.00908684612625521,43.96197070491779,0.7630663971114918,2.1635701824090248,-0.005819554126707871,0.0009990520159242067,-0.03263511424386856
1977-03-31,0.0007024759956575366,62.754550165547585,0.5433778367259433,2.326343310127754,-0.0037639880029214368,0.0041709706103834066,0.03692075003377315
1977-06-30,-0.005434039014419412,-2.912263273628346,0.3234270356171325,2.7631204513211216,0.0041042929780115145,-0.0149774978211763,-0.04063403112617969
1977-09-30,0.012769486285368004,-98.12859338749544,0.41665722269610783,0.8009050005318485,-0.007542186336950252,0.005508514739993586,0.04888576771588671
1977-12-31,-0.0011874062911871874,15.104227618411503,0.24461819505805887,1.078820292748972,0.00275151680813579,0.01535424810582775,-0.016683408784404108
1978-03-31,-0.0059789226764266346,9.21374387102345,0.5325160467655224,2.9611028017981766,-0.004296166552737901,0.01532286879517919,0.025885095367711664
1978-06-30,-0.002087680445184148,77.8074620359992,0.5821228447889509,1.634923112958564,-0.002939554646253839,-0.01397045718519152,0.021952911176058798
1978-09-30,0.002311916433541228,-28.445731322184777,0.473732325333001,2.749770741085733,0.003711259789081822,-0.0013224462075402954,-0.019286675321238178
1978-12-31,-0.009329002914768125,13.720045214093446,0.21256334223482198,1.7818709793156806,-0.0016317804339234243,-0.00011569400837352362,-0.019940329591721984
1979-03-31,0.012903923598242883,78.10073855118098,0.04923037592078383,3.549663712072082,-0.004098273681760745,0.0012908738033718947,0.012050778101858839
1979-06-30,0.006730696988142881,47.742502900294696,0.4546424893982505,1.7531253084757559,-0.00033342773098965495,0.0030885531520166154,0.041654684809671494
1979-09-30,-0.0015182261966995014,-63.53554246389584,0.43274872979380263,1.6549258338778294,0.002405515380942802,-0.010512474844755815,-0.016969396744265453
1979-12-31,0.004062039224626446,16.99643147365464,0.48167305330133225,2.0251039517099834,0.0040718202674057125,-0.005041397526674984,-0.01877340568089103
1980-03-31,-0.021789534365099783,-17.090730595749193,0.2999909374022349,1.5014819584440176,0.0010651244579875652,-0.014198644060190446,-0.01619629264295419
1980-06-30,-0.008920482760627735,37.106042731538395,0.46340859721886096,2.9523554729627755,-0.0002141225187202167,-0.003930604541615423,-0.032313372158414566
1980-09-30,0.012749971651787817,-144.02277688052553,0.29664665084480396,1.5105008226362848,0.00038386233348042254,0.00540622480794184,0.03471280595497728
1980-12-31,-0.0021894906219461774,-53.096378516758634,0.19706992470453066,3.0531839305220743,0.005029381443877767,-0.007339816981787095,0.03551109514951101
1981-03-31,0.006563447603223693,110.10866280310037,0.4204512836090354,2.038669936378845,-0.0031999059956877574,-0.004866224194136848,-0.07082772267678816
1981-06-30,0.004057849956341286,65.33447581720422,0.4156685976996918,3.8859012343237076,0.005499692778814236,0.0007545133608175547,0.029056421517879016
1981-09-30,-0.004417135284381146,-90.92499219589638,0.13154691470730975,1.896327339699333,0.002589980746122933,0.0025351099867876314,-0.027813367085328444
1981-12-31,-0.001772098953786383,-63.82396342478853,0.25834781726357314,3.1890036619777185,-0.005241707209275859,0.011570486510530387,-0.03270008820045511
1982-03-31,0.0006939797995517694,258.88722585736303,0.26655176955487864,1.9839327858624856,-0.004085299563602263,0.01792399164320102,0.0035835682361220478
1982-06-30,0.0009486291827887072,-187.0237395537328,0.2587665266174122,1.1791775799110837,-0.00217668823284356,-0.014806070304242525,0.0007415788358748898
1982-09-30,0.003444682385397968,481.12147682817954,0.45765241099396936,2.5430383352824215,-0.011938534047626348,0.0074004848593123285,0.0390039637331876
1982-12-31,0.004982767854333048,-15.132075546918111,0.2995807849254166,1.445490716073472,0.0014612565945455458,-0.01780419411581491,0.012340824019918095
1983-03-31,0.006055119884980087,-64.62120811297613,0.4035376969850686,1.5037035615635297,0.0011669542412438005,0.00471899328414338,-0.009458269773215733
1983-06-30,-0.009597254988895187,-141.88047595540837,0.1587031648013222,2.3692963539803102,0.003514701746100357,0.025463481061137827,-0.0014610459042225798
1983-09-30,-0.010950422816446093,142.81107668385954,0.15605610939037107,2.6785048774364384,0.00019516043383482895,-0.006852286438400412,-0.06287850082028079
1983-12-31,0.0019398881962029435,-26.356458068096078,0.19112421634007765,1.6777127183316587,0.009367714002417316,-0.01435693394237525,0.0077941400770225044
1984-03-31,0.0107020121815804,35.88840366119035,0.5046167556631078,1.7881882642698521,0.0029080331102377954,-0.012560056172809198,0.037566022243274766
1984-06-30,0.0008063462995497872,-54.51575784138183,0.051808080370895654,2.5511860882968307,-0.004114930640332304,-0.002094475704062404,0.013060412569938507
1984-09-30,-0.017790718964503682,61.31605351072249,0.2797454173401252,2.9861761247483187,0.0031441547437349726,0.014297940849324675,-0.00633490711365603
1984-12-31,-0.004575786407412963,117.80573852834797,0.280976380963769,2.144053004388713,0.005576773602481211,0.0018524238232302537,0.00044788931492778516
1985-03-31,0.009842296747349266,-155.60675516716094,0.4448358271389923,1.7659459803475386,-0.004012679519391327,0.020662397255907905,0.007408289711532845
1985-06-30,0.011325600900656596,72.60703293494348,0.3666452044720311,2.5527839572347055,-0.00046974661535514883,0.0016849772207727653,-0.042201910295136535
1985-09-30,-0.005796589084937409,-167.26249958616197,0.284062244245749,2.6181569972606233,-0.0013134901869271687,0.00871834748857836,0.05077913258602962
1985-12-31,-0.010253431260485613,289.12426579675986,0.19860607643886413,0.731915483880119,0.004931273901696898,-0.0228712172351333,-0.012258437001555045
1986-03-31,0.013177629181196693,-230.63045768705842,0.3302154049922472,0.34285558971483,-0.004732339786176709,-0.011748403177410438,0.06851109168456482
1986-06-30,-0.005494915361047958,213.2691442935446,0.3170873790158702,0.693819455520206,-0.0034335086873440446,-0.008583098103812858,-0.023033245512091405
1986-09-30,0.0014266175146406823,244.67494856825934,0.47992473437841554,2.2959808911071633,0.0010412186290480463,-0.0010839833381073305,-0.013326011686459083
1986-12-31,0.0014250918043199334,-43.37061899119927,0.35520160302437387,1.3756815420262747,-0.003878183419168124,0.0064713904428490565,0.0020707574662974793
1987-03-31,-0.009865524822382454,18.01672322363954,0.5190509709179906,1.3839853053185358,0.005992346144253702,-0.0016016169284878146,0.04929282143075753
1987-06-30,-0.0005645891478387455,-13.580003891864845,0.6280921770141563,2.0732182397876997,-0.0030475085999466245,0.0035428097618925847,-0.0372159534455303
1987-09-30,0.0009984565228169373,-42.5612099155007,0.4396936139719536,2.44221179795554,-0.0036519240625132454,0.0016454684793938412,-0.01608178364235524
1987-12-31,-0.01350779957874515,84.42207070986969,0.5604228418280752,1.7383912458687867,-0.0015299297229613984,-0.0034028572034827675,0.02245943448488852
1988-03-31,-0.004114025893947826,85.87191200812363,0.444048168473007,1.9928828260344922,0.008071304315061312,0.01600689140320455,-0.027052975424382453
1988-06-30,-0.00316503297137416,177.0385981543109,0.6759341250890997,1.3219417128411237,-0.006442451117470327,-0.009314200602934974,-0.0458612290989997
1988-09-30,0.00880307805349645,-132.48472559759165,0.646250584663067,1.662866783409811,-0.0022057879371768507,-0.015923606502958876,0.013158823979693146
1988-12-31,0.011871335637923863,-153.6679309629169,0.7383572862044656,0.9328721477094959,-0.002550863142944948,-0.01494719669903155,0.037408760668439456
1989-03-31,0.009118960481252714,61.68362739288611,0.5482184442531485,2.835100178589567,0.0007748507911706781,0.003116646901963449,-0.007238162854250163
1989-06-30,-0.0017267929419659822,33.911866212971816,0.7337569703936618,2.5237076823226623,0.0011462021742723039,0.016288930255896616,-0.017955997299498705
1989-09-30,-0.009535859136388325,130.3832011929158,0.5839142382314977,2.8935096147179706,0.0015578050895008744,0.004826570295756838,-0.013469275439864425
1989-12-31,0.025137466451338852,-95.36554221408129,0.7813754672941656,1.7393932685206615,-0.0011904078667726026,0.018659383430565057,-0.015967435037779865
1990-03-31,0.001714605491384802,149.39923394254438,0.8263336789514809,1.6893534422266043,0.005850266815373928,0.005408849273907279,0.003991905741855817
1990-06-30,0.009601501803992107,-0.7083963645314828,0.6942171802787,2.471679765804158,-0.0013279696794707974,-0.0020346373118709238,0.010814310110554004
1990-09-30,-0.0021922295291236793,-94.69199669252504,0.6943345335763967,2.626020983864219,-0.0021164548195233834,0.011256171950357441,0.0018500542953967525
1990-12-31,-0.013935459670134875,-179.0270462975494,0.9182529453755535,1.5082264452455973,-0.0008072760948536484,0.002899262259077773,0.02189163520801163
1991-03-31,-0.0016620952809116574,531.415313343141,0.6444069112985004,2.4184747248757077,0.005284127214695289,-0.017594893505034293,0.043829380584140765
1991-06-30,0.01833978065757691,-77.89466681957973,0.9037575740179451,1.7605728727124514,-0.004850745430660552,-0.013588064443712966,0.01961418043573282
1991-09-30,-0.021368231771765167,24.046542840225893,0.9633148999392587,3.7900853984084826,4.455971829564476e-05,0.012143318076013543,-0.06471691122336587
1991-12-31,-0.027727487005686058,127.72959453199545,1.0465674732989079,3.769721119461167,0.00834024862118099,-0.011594253458840242,0.025154041357136947
1992-03-31,0.009791286822686374,71.45533988599428,1.033229372363755,2.1284483062751214,0.0076813812815963445,-0.01666776675586057,-0.011348882302816499
1992-06-30,0.011772107246921237,-75.90559312788253,0.9198504097983463,2.5836483919583486,-0.0021472851354573663,0.00326833865380749,-0.03325898181355402
1992-09-30,0.006870843644355418,-117.67934260015865,0.9787953380762732,3.5059866155004116,-0.0041603977824049565,0.006648049749992779,-0.0150879457377604
1992-12-31,-0.02419267286021487,99.97629226229262,1.215680823710946,1.9001009085707565,0.003362809095554198,-0.0011879577395266239,0.011415499859432465
1993-03-31,0.010473105507694314,179.8276854184981,1.2347221847634327,0.4636572111947679,0.000140141493103485,0.008013763196620616,0.023737020369044792
1993-06-30,0.012030674330240743,-209.7805590747202,1.1107635742611568,2.2406391886442556,-0.004490367391602135,-0.005604113428606894,0.014724131149403519
1993-09-30,0.0008837152153926553,-147.38089067421373,0.9927421455333728,1.520218717386168,-0.00024460970327311315,0.006951720780064008,0.013469064756958637
1993-12-31,0.0020988690608785276,275.3884832246276,1.2429002687782644,1.8706013121955856,0.0032814214872818326,-0.0015941236133869552,0.009401994590297669
1994-03-31,-0.009136476739044497,147.50686159812582,1.2749680130256436,0.8823156139489363,-0.004676535252700731,0.010635174321810936,-0.03639826345902186
1994-06-30,0.004257827032860817,-18.45134184118349,1.2029552164532884,1.946267692257475,-0.002549077828552626,-0.0023477470538111334,0.002116566650880003
1994-09-30,0.008792257710707574,-6.461469059835867,1.0369498265937325,2.136444548537675,-0.00034843787852167907,0.009722601886277715,-0.01239820781738743
1994-12-31,-0.004809964031043279,-161.46059184517577,1.1505344281556211,0.8443147184451938,0.00010328381057078673,-0.00870873302974573,0.013865260281565206
1995-03-31,-0.00953759167372148,-5.22284408514353,1.178409104013386,1.1029408185842193,-0.0014233112320276575,-0.004306544580916949,-0.022875182497965163
1995-06-30,-0.009279723044159027,48.519922068845744,1.2266842833103488,3.212793683359383,0.0010761744365428427,0.011129044855470838,0.01679691734206301
1995-09-30,0.008024544709723358,124.89565477278495,1.2723385900411566,1.9902167402714,-0.0041861515495256185,0.004620295167786281,-0.035530818314303936
1995-12-31,0.01773555394760784,42.29169434396427,0.9802708274371581,2.072945972020701,-0.0026736180180044755,-0.02351784468180007,-0.020516472655437212
1996-03-31,0.006661288552772149,-48.884210529935416,1.236258624171974,2.6184340224868485,-0.0034222050567134232,0.0060559258500951785,0.017551729270430805
1996-06-30,-0.010246994570252355,-100.49805056583874,1.185056021721092,2.3196886154245533,-0.00042798857416137537,0.009811351910736121,0.007986820514426896
1996-09-30,-0.013282696219690138,347.6378225292054,1.2185692292358468,1.4904680331742526,0.007653808066432788,-0.010989247134473246,0.01945199997335134
1996-12-31,0.016418292461263917,-108.66856416315262,1.1570102115078917,2.370826400488646,0.0016686054916608128,-0.0005963094800893742,-0.0028282355523794322
1997-03-31,-0.012456294593594208,55.342446970711734,1.1963222985300008,2.185081965125857,-0.0034348241887371955,0.0037240328704069015,0.03450725847711933
1997-06-30,-0.002431996081053711,20.865134099609506,1.3136550080506215,1.590254915156386,-0.006028885416656138,-0.00012676980384718206,-0.02710294224968557
1997-09-30,0.0034918711968714433,-29.482289648382576,1.1842591809021736,0.9528954372644449,0.0059965591932797935,-0.013290834897915715,0.01290531744646195
1997-12-31,-0.017913160412081908,12.75862600765798,1.2326031591720028,2.2971054798485824,0.009395042127104958,0.02130716792829901,-0.0022741438058275776
1998-03-31,0.021102470952907737,125.52715927026145,1.3162138060140383,1.4583650694990347,0.0033553136235298098,0.000728602155390945,0.0483429059305065
1998-06-30,-0.00022321635250222016,-114.23663668861184,1.228719530232393,2.807268701887544,-0.004680862944317354,-0.011050957199781664,-0.017913692530401093
1998-09-30,-0.01578824165947701,150.1625511330946,1.0098724602563705,2.0030859873449103,-0.00662802267808793,-0.025847422040740753,0.007243233264990323
1998-12-31,0.002692853142669094,-94.99269190466472,1.1842191468522285,0.862106902947879,-0.003972584166861637,0.0021459010083670904,-0.00687928414617911
1999-03-31,-0.00253070606651562,-241.85271284674803,1.0421553279238092,2.374982715751006,0.005399883505049274,0.001297117451535712,0.0048232697886598785
1999-06-30,0.0008575291950556618,436.7589085068719,1.206562837933013,2.7977688993371608,-0.0015722141880996077,0.013097906889397493,-0.048753860622827716
1999-09-30,-0.0016270140995313653,174.37055971339115,1.086223837619668,2.894813527341089,-0.0020963148942954035,-0.015758389791367122,-0.0028001040702969604
1999-12-31,0.005763227360453982,-117.6335336295688,1.1526583786490838,3.310919188668482,0.004625135783493661,0.006513464716199735,0.030838664488575418
2000-03-31,-0.005259441808702192,107.35581288758587,1.2463537146411947,2.0241762166452126,-9.191450652501487e-05,0.013679976545551753,0.0007480130935411111
2000-06-30,-0.009771447970614133,-122.95337248031247,1.361395932451355,2.860593750247986,0.006009483464911369,-0.010746039307104382,-0.0238644851852845
2000-09-30,0.0025605658166796275,27.36444266320346,1.4448304158864942,2.7555450133227133,0.004637409450717556,0.008852834451809954,0.017220325846214912
2000-12-31,0.011220742283143181,-239.6876703836507,1.2875346052121222,2.3391985938371107,-0.0047792111779152435,0.006712934121761549,-0.021815913699078315
2001-03-31,0.0113214860199502,610.4099051290627,1.1063113631088974,2.9425392025474117,-0.00033614531399983605,0.011542424307732446,0.037209605416828495
2001-06-30,-0.009269994814115279,9.0114599093428,1.173825869628771,2.4311508656590597,-0.0006989117320923555,-0.0002680175111784422,0.0005927893244486171
2001-09-30,0.004383002592089014,-183.06789886773984,1.2229629796444743,0.3402051094401948,0.002652360508998086,-0.008450169273288566,-0.029166442977698104
2001-12-31,-0.002382271651471868,91.60691980644219,1.1066678587341572,1.4518215242491195,-0.0011513505649514144,0.004593486248236189,-0.04733287653948448
2002-03-31,0.008525212447427322,30.313662711041633,0.9723809428277487,2.744151705342812,-0.006815564111340322,-0.00534418420137861,-0.011800679966695427
2002-06-30,0.020361343489634365,139.29479206382922,0.8003964051757699,2.237621374814136,-0.0019560900114026225,-0.015092062247335392,-0.01739778585150553
2002-09-30,-0.011668213898584412,27.073068613564732,0.9147528482510378,2.6625151351055365,-0.003384261260650945,0.00714591402219078,0.03316310639073894
2002-12-31,-0.006984471185884189,-62.58055960829947,1.0128230190727654,1.3080120590266198,7.534713342494115e-05,0.003763893645091443,0.031647701650547866
2003-03-31,-0.01154664344379519,-0.03423595497924481,0.8248293614801405,1.796346449268782,0.011306670119509477,0.012106052052610394,-0.004807886100230974
2003-06-30,0.006649072587233462,19.44970102210144,1.1028029493872564,3.3177357661796414,-0.00130798546260813,0.010222057063019818,0.0325396040397159
2003-09-30,-0.0008328102501771184,183.57716576809705,0.8106363240495347,0.7347208194437016,-0.0034885838943718994,0.004437206720284692,-0.028723442407201816
2003-12-31,0.004192088562056995,-118.67966432122125,1.1568812283812693,1.7180036915721786,-0.006675238040672937,-0.014599883736167385,0.023003512831886397
2004-03-31,-0.0019308939160520566,157.6301135768496,0.7776030341770803,2.0838766908695128,-0.006458401494217725,-0.005181013305250559,-0.001335718151701748
2004-06-30,0.013634648746451816,-120.54840210380485,0.8368339610287048,0.847078599393214,0.0047263374421717685,-0.0044652900537247575,0.0024025831917642293
2004-09-30,-0.009014906550891766,143.2185068342106,0.8472659910985477,1.164813067064241,0.00023228846323419816,0.011216104929328452,-0.004191696699420433
2004-12-31,0.010556134448963306,-138.25442081929847,0.8380582713155945,1.6771728413004006,0.005286370250818351,0.011765899049567707,0.07444503905710675
2005-03-31,-0.023498800904201644,81.17334033661949,0.5232219044580646,1.9272067403699467,0.010821980840603374,-0.009494949827313803,-0.048452665252019855
2005-06-30,-0.002870375388567936,64.87968830376775,0.7122210823384858,2.4725421071524423,-9.279815839491334e-05,-0.014302491041989995,0.02121662500256427
2005-09-30,0.004518548777094011,63.207635334129094,0.8266898503022378,0.7747840385902371,0.0016039900604827295,0.006116699507240142,-0.04358595159612655
2005-12-31,0.014312626158414332,22.024010113272396,0.6694671301067354,1.8712331150832817,-0.006085729327164557,0.009231699129029991,-0.02204877954128559
2006-03-31,-0.00907928628841681,-241.0609906049934,0.5695855209176136,1.6153776189134383,-0.0009118093280076067,-0.0014038524966863974,0.019360594054086633
2006-06-30,-0.006869105917099105,303.37488808732724,0.765787063160969,1.8757242645132344,-0.0017656553357028315,0.008959536647013877,0.03525854588925803
2006-09-30,0.012619004230712605,90.42042116376115,0.6334751914221789,1.4720494056851052,0.0012223426648105828,-0.006894320834556211,-0.010602772055630538
2006-12-31,0.0007250274646466437,36.402160486918156,0.7271734277824548,1.8824202611890328,-0.006871448011724013,-0.005741869757308393,-0.032374338759368015
2007-03-31,-0.004843412594773611,-133.1867288812033,0.2168398357930364,2.180487669268416,0.0032179126113920375,-0.017438348401915604,-0.04701674719013571
2007-06-30,-0.022955680406528955,-110.39608761946246,0.5207005808958456,2.5181589613539224,0.0026385584122685657,-0.006040614217008411,0.007119759786769819
2007-09-30,0.011322346682772988,418.0658898133899,0.5235374685025309,2.2675403892003843,-0.0014189959905301919,-0.006778825235500108,-0.008395767600557491
2007-12-31,0.0038300769146850655,-17.551910014122818,0.27365290530812386,0.8395623954006837,0.0022215501147826444,0.009654935309928447,0.024391882104543683
2008-03-31,0.0005141987220333988,-35.456447807378936,0.7300379074078256,1.3423429475651893,-0.011840690925014385,-0.00510558175512088,0.013895855739448848
2008-06-30,0.011590575915203516,-114.18134616130051,0.249434425394249,1.7685250420474752,0.0011117646545741877,-0.011284960791218879,0.006401409243904865
2008-09-30,-0.006392872739619193,-10.03215049300743,0.17118452569356674,2.153373514740675,0.003593240193197289,0.013854056281925153,0.012676212089766992
2008-12-31,-0.013562668450864734,211.76279583697033,0.5457580447841003,1.6967502424234837,-0.004942424593208372,0.006545895406704361,-0.031081585626338892
2009-03-31,-0.0005177364435198228,-86.83468519295512,0.275060170311799,1.6578884419103268,-0.003576666752161728,-0.007402613573477268,-0.009911738152485583
2009-06-30,-0.016156113349769186,194.32521830052013,0.2849119953487581,2.071910397952337,-0.00020928967438926804,0.007995101267759708,-0.01898449843779737
2009-09-30,-0.0022556076098734223,-176.30453352205433,0.34451645261222874,2.471764641078167,0.006227734759868042,-0.015864106581915394,-0.006790686207088115
2009-12-31,-0.009376164286404531,146.8406315594927,0.3042303382681448,1.6677839672963657,0.007027157071876289,0.003697870309409268,0.03920764739557292
2010-03-31,0.022451630822811097,113.65613363707779,0.3373556706541221,1.108258946306595,0.0012520666119524293,0.014398273039075704,0.02010352654452774
2010-06-30,0.002756083501612494,-109.75004017952563,0.23627962143676462,3.040702937348172,0.0031252224331606016,0.025185014097539593,0.008503070809686264
2010-09-30,-0.00018020063255619334,-64.79660561029394,0.28115104449357825,1.75219973948888,-0.0007886105699519419,-0.004065850022726636,-0.025634912921365327
2010-12-31,0.01594040442853384,216.9136878889227,0.254839577283889,1.9695341610848516,-0.004406331456701551,0.003443054452437977,0.017987049459142312
2011-03-31,0.009148628240273737,113.9803305599905,0.26890864799163816,0.4859400989833951,0.002857629086804536,-0.015904044359443148,0.0012968833010287284
2011-06-30,0.015369440155764025,-183.0471115925865,0.3922082104754192,1.8960454457639386,0.0074569474575802985,-0.0033983969695654537,0.01615233003567873
2011-09-30,-0.021866932363900915,103.11127323462026,0.515309044948791,1.8810339295953327,-0.00035997869837167684,-0.0011550119439025508,-0.01110598490559589
2011-12-31,0.02323695443759277,36.38269415324223,0.2532065281382968,1.0583685412430377,-0.0031912748175120242,-0.0018238654175029012,-0.0169995974884678
2012-03-31,0.008377800033281702,-50.91302595301288,0.3051852921984242,2.888072126940866,0.0036076848707846665,-0.013107777206462501,-0.005601222071405232
2012-06-30,-0.017202503308579864,-37.034735352875714,0.22560868673226692,1.7499564010009294,-0.00041319452207844165,-0.014130038157855296,0.0347899257369928
2012-09-30,0.00016897967223172827,-96.5126140950718,0.20832996646960256,3.3733249924996045,0.008166371797457828,0.0014863607592481287,-0.006011876384174997
2012-12-31,-0.00315636448165435,170.1171441469322,0.18682457342418618,2.907947312493331,-0.0008848699000498783,0.0049296886089393865,0.012126697673489062
2013-03-31,0.0012234676277120826,-243.10298369936731,0.09549836612612692,0.9622067521737776,-0.00996830792154313,0.0031208540201390633,0.011170461687644462
2013-06-30,-0.00649354765342558,610.4099051290627,0.3135267845672914,1.721125808752788,0.004504365415925804,0.006249469789379347,-0.004468534197350493
2013-09-30,-0.014527600536910157,-200.00041126846813,0.09933033071984068,1.5086549431624796,-0.004347962336066047,0.007401090735088545,-0.033080463632297
2013-12-31,-0.0049973252149069225,286.9081806369433,0.47455967210130295,0.628184393956932,-0.0076051832231556205,0.015077628783920716,0.012511584592617808
2014-03-31,-0.006999830837163046,-60.22515563492546,0.3779035544101531,0.41172990107423146,-0.0006344887734197613,-0.001722306393414641,-0.03792788757804644
2014-06-30,0.015070051100398274,-204.25417131900033,0.3226986454520687,0.91749276024915,0.007868481761869717,-0.004361743542991903,0.02798489052181985
2014-09-30,-0.010262589757084939,610.4099051290627,0.4259366469689453,2.2408727193732325,0.0022782493839859086,-0.0015564136813921436,-0.0243734443011423
2014-12-31,-0.011115782317677514,-104.23506512260926,0.3215698588580057,2.512799818532141,-0.0035444375542219575,0.015252178732355404,-0.011326775000139122
2015-03-31,0.01232867579520125,157.10284493160867,0.3223331671292275,2.2016034282497543,0.0038966954964489986,-0.005108030963851817,-0.024010166757724605
2015-06-30,-0.009162922407288221,-29.284363246056788,0.40740098711945594,1.4597090045473493,-0.007028964182804742,-0.009232169860558415,0.002316354300990753
2015-09-30,0.0041234218207080175,33.60682919872042,0.2999250686217287,2.248262494663411,-8.503734928311246e-05,0.009716868191084416,0.055462462867039264
2015-12-31,0.016981700357106888,-164.21505687420597,0.36605509118347573,2.3736158419766618,-0.014041056261033802,-0.0011233174611184893,0.016610207663621424
2016-03-31,0.01718025324234418,62.22711284413798,0.32829885819349747,0.7776895194068878,-0.002310597272481729,-0.006281799353553552,0.00037026457625266573
2016-06-30,-0.010673677154445116,57.47745008424303,0.2307721376550725,2.2573184831804483,0.004547163947135502,-0.0032761243802372775,0.025375188480555977
2016-09-30,-0.009054040401771601,113.12635244584558,0.5584841806386915,1.358231746235461,0.001924975359237635,0.00928868981990405,-0.027645721359318642
2016-12-31,-0.004591795928810427,-26.783569343006697,0.493287538950236,0.5082403877360697,0.00025486144047448533,-0.003706364606754775,0.01694401790703992
2017-03-31,0.004230693673461516,-10.443842516362789,0.4242745371117034,1.6905893548561757,0.0007682032303648612,0.004421644355065979,-0.009841615890080035
2017-06-30,0.008326895554029434,-45.59575194839627,0.6128120701025239,1.6525888024886193,0.005900966414792208,-0.016428059063208877,0.026049340037957336
2017-09-30,0.0007052900382849003,-144.4574654883898,0.580214129169897,1.3510478650780477,0.002578468231284603,-0.0019638876152061613,-0.029735615674638893
2017-12-31,0.0006650561050260961,146.80892758049174,0.7218549242422849,1.2027443346044997,0.0025950358182740274,0.0036636918766213,0.04607405699316658
2018-03-31,0.00500098720751474,-68.60070360780188,0.5881564240237538,2.7880349128130533,-0.003980408839431959,0.0030740233807780015,-0.03149415463179395
2018-06-30,-0.014230170770396455,254.65000804511843,0.6871729883685254,2.7662702788878057,0.008496120921780204,-0.009294232596333885,-0.010966400217766292
2018-09-30,0.0005894912294639454,-115.85802147333402,0.3754444318568072,2.1271612033247678,-0.004411131637768406,0.008612639952540135,-0.02638104405608388
2018-12-31,-0.0021980140504584966,22.431273735105872,0.6225080977859259,2.2765077335054507,-0.007187262259691352,-0.01028355865215147,-0.03936049330760305
2019-03-31,0.003812395740787622,59.492865643373705,0.7138053374353018,1.919235812477993,0.0012864643639893814,0.00797897742878284,-0.002287527354477348
2019-06-30,0.0012399591196992077,-8.615863177787286,0.726877856775293,1.772016602686488,0.00028614829372486383,0.011179564165738398,0.009228613871142599
2019-09-30,0.0004842767067625431,-4.463613739450478,0.7091382101439188,-0.13310848000056552,-0.0013584057239395264,-0.00034684111501093184,0.01884268607889439
2019-12-31,-0.00302825316295241,-56.87092830641718,0.685641808368618,1.5927194783855292,0.003611435308306099,-0.00846859778591913,0.01694200421484382
